,Threshold,Size
0,0.0,xsmall
1,567.6000000000001,small
2,1416.2,medium
3,2790.8000000000006,large
4,6179.000000000001,xlarge
